1,2,3,4,,11,22,33,44,55,,111,222,333,444,555,666
-1,-2,-3,-4,,-11,-22,-33,-44,-55,,-111,-222,-333,-444,-555,-666
1,2,3,4,,11,22,33,44,55,,111,222,333,444,555,666
-1,-2,-3,-4,,-11,-22,-33,-44,-55,,-111,-222,-333,-444,-555,-666
1,2,3,4,,11,22,33,44,55,,111,222,333,444,555,666
-1,-2,-3,-4,,-11,-22,-33,-44,-55,,-111,-222,-333,-444,-555,-666
1,2,3,4,,11,22,33,44,55,,111,222,333,444,555,666
-1,-2,-3,-4,,-11,-22,-33,-44,-55,,-111,-222,-333,-444,-555,-666
1,2,3,4,,11,22,33,44,55,,111,222,333,444,555,666
-1,-2,-3,-4,,-11,-22,-33,-44,-55,,-111,-222,-333,-444,-555,-666
